images,author,publish_date,link,title
,Natasha Lomas,"Fri, 06 Jul 2018 09:25:22 +0000",https://techcrunch.com/2018/07/06/samsung-forecasts-slowing-profit-growth-for-q2-missing-analyst-estimates/,"Samsung forecasts slowing profit growth for Q2, missing analyst estimates"
,John Biggs,"Fri, 06 Jul 2018 08:48:56 +0000",https://techcrunch.com/2018/07/06/booksy-the-worldwide-booking-system-raises-13-2-million/,"Booksy, the worldwide booking system, raises $13.2 million"
,Danny Crichton,"Fri, 06 Jul 2018 08:25:43 +0000",https://techcrunch.com/2018/07/06/paritys-jutta-steiner-says-the-future-of-blockchain-is-many-chains-working-together/,Parity’s Jutta Steiner says the future of blockchain is many chains working together
,Jon Russell,"Fri, 06 Jul 2018 06:00:12 +0000",https://techcrunch.com/2018/07/05/crypto-com-mco/,Crypto Visa card company Monaco just spent millions to buy Crypto.com
,Brian Heater,"Thu, 05 Jul 2018 22:56:37 +0000",https://techcrunch.com/2018/07/05/belkins-new-lightning-enabled-power-bank-comes-with-apple-certification/,Belkin’s new Lightning-enabled power bank comes with Apple certification
,Kirsten Korosec,"Thu, 05 Jul 2018 20:44:17 +0000",https://techcrunch.com/2018/07/05/skedaddle-has-had-acquisition-talks-with-uber-and-lyft/,Skedaddle has had acquisition talks with Uber and Lyft
,David Riggs,"Thu, 05 Jul 2018 20:00:49 +0000",https://techcrunch.com/2018/07/05/bioproducts-are-seeing-major-tailwinds-in-renewable-tech/,Bioproducts are seeing major tailwinds in renewable tech
,Brian Heater,"Thu, 05 Jul 2018 19:19:13 +0000",https://techcrunch.com/2018/07/05/bixby-creeps-toward-usefulness-with-sports-news-from-thescore/,Bixby creeps toward usefulness with sports news from theScore
,Jonathan Shieber,"Thu, 05 Jul 2018 19:11:24 +0000",https://techcrunch.com/2018/07/05/joseph-lubin-amanda-gutterman-and-sam-cassatt-from-consensys-to-speak-at-disrupt-sf/,"Joseph Lubin, Amanda Gutterman and Sam Cassatt from Consensys to speak at Disrupt SF"
,Taylor Hatmaker,"Thu, 05 Jul 2018 18:06:15 +0000",https://techcrunch.com/2018/07/05/moviepass-peak-pricing/,MoviePass subscribers will now pay surcharges for popular showtimes
,Ingrid Lunden,"Thu, 05 Jul 2018 16:55:27 +0000",https://techcrunch.com/2018/07/05/zebra-technologies-is-buying-rugged-tablet-maker-xplore-for-around-90m-in-cash/,Zebra Technologies is buying rugged tablet maker Xplore for around $90M in cash
,Brian Heater,"Thu, 05 Jul 2018 16:35:24 +0000",https://techcrunch.com/2018/07/05/zte-replaces-its-ceo-and-other-top-execs/,ZTE replaces its CEO and other top execs
,Jon Russell,"Thu, 05 Jul 2018 16:12:51 +0000",https://techcrunch.com/2018/07/05/singapore-watchdog-threatens-to-unwind-ubers-southeast-asia-exit-deal/,Singapore watchdog threatens to unwind Uber’s Southeast Asia exit deal
,Matt Burns,"Thu, 05 Jul 2018 15:55:24 +0000",https://techcrunch.com/2018/07/05/tesla-adds-autonomous-parking-mode-to-model-3/,Tesla adds autonomous parking mode to Model 3
,Natasha Lomas,"Thu, 05 Jul 2018 15:49:32 +0000",https://techcrunch.com/2018/07/05/eu-parliament-calls-for-privacy-shield-to-be-pulled-until-us-complies/,EU parliament calls for Privacy Shield to be pulled until US complies
,Steve O'Hear,"Thu, 05 Jul 2018 15:46:53 +0000",https://techcrunch.com/2018/07/05/bookchain/,"One of Facebook’s most senior engineers just became Director of Engineering, Blockchain"
,Brian Heater,"Thu, 05 Jul 2018 15:36:32 +0000",https://techcrunch.com/2018/07/05/sydney-airport-launches-face-scan-check-in-trials/,Sydney Airport launches face scan check-in trials
,Jordan Crook,"Thu, 05 Jul 2018 14:24:41 +0000",https://techcrunch.com/2018/07/05/yc-backed-buttermilk-brings-easy-to-prepare-indian-meals-to-your-doorstep/,YC-backed Buttermilk brings easy-to-prepare Indian meals to your doorstep
,Brian Heater,"Thu, 05 Jul 2018 14:24:26 +0000",https://techcrunch.com/2018/07/05/mits-cheetah-bot-walks-up-debris-littered-stairs-without-visual-sensors/,MIT’s Cheetah ‘bot walks up debris-littered stairs without visual sensors
,Ingrid Lunden,"Thu, 05 Jul 2018 14:07:11 +0000",https://techcrunch.com/2018/07/05/tivo-ceo-leaves-to-join-liberty-global-as-cto-after-less-than-a-year-with-the-dvr-maker/,TiVo CEO leaves to join Liberty Global as CTO after less than a year with the DVR maker
